<?xml version="1.0" encoding="UTF-8"?>
<project-private xmlns="http://www.netbeans.org/ns/project-private/1">
    <editor-bookmarks xmlns="http://www.netbeans.org/ns/editor-bookmarks/2" lastBookmarkId="0"/>
    <open-files xmlns="http://www.netbeans.org/ns/projectui-open-files/2">
        <group>
            <file>file:/H:/Netbeans%20workspace%20Complete/StudentManagementSystem/src/dbutil/DBConnection.java</file>
            <file>file:/H:/Netbeans%20workspace%20Complete/StudentManagementSystem/src/quiz/gui/LoginFrame.java</file>
            <file>file:/H:/Netbeans%20workspace%20Complete/StudentManagementSystem/src/quiz/gui/UpdateAttendanceFrame.java</file>
            <file>file:/H:/Netbeans%20workspace%20Complete/StudentManagementSystem/src/quiz/gui/AdminOptionsFrame.java</file>
            <file>file:/H:/Netbeans%20workspace%20Complete/StudentManagementSystem/src/quiz/gui/MarkAttendanceFrame.java</file>
        </group>
    </open-files>
</project-private>
